{"14.4":{"BoundingBox":{"Max":{"X":167438.015625,"Y":-35773.09765625,"Z":26400.07421875},"Min":{"X":-3806.96142578125,"Y":-208816,"Z":10800}},"id":"3250102"},"1号线夹层(建筑)":{"BoundingBox":{"Max":{"X":166900,"Y":-69853.09375,"Z":20188.802734375},"Min":{"X":-14031.900390625,"Y":-176803,"Z":1900}},"id":"719883"},"1号线底板（2号线二层中板）":{"BoundingBox":{"Max":{"X":165950.140625,"Y":-45602.98046875,"Z":4950.28564453125},"Min":{"X":-800.1409912109375,"Y":-204603,"Z":-3960}},"id":"267526"},"1号线站台板（结构）":{"BoundingBox":{"Max":{"X":165949.90625,"Y":-99925.609375,"Z":12400},"Min":{"X":0.0047752000391483307,"Y":-147240.5,"Z":-2200}},"id":"267533"},"1号集水坑":{"BoundingBox":{"Max":{"X":14552.376953125,"Y":-154868.46875,"Z":4350.02734375},"Min":{"X":11918.599609375,"Y":-161306,"Z":1250}},"id":"3150871"},"2号线底板":{"BoundingBox":{"Max":{"X":83150.0234375,"Y":-45602.9609375,"Z":-1629.97021484375},"Min":{"X":57950,"Y":-204603,"Z":-11290}},"id":"311"},"2号线站台板":{"BoundingBox":{"Max":{"X":101835.8046875,"Y":-46402.984375,"Z":-2029.9560546875},"Min":{"X":23400,"Y":-203503,"Z":-7130}},"id":"694"},"4.55":{"BoundingBox":{"Max":{"X":94049.9921875,"Y":-110222.9765625,"Z":5129.00146484375},"Min":{"X":47050,"Y":-137403,"Z":4179}},"id":"3250099"},"9.6":{"BoundingBox":{"Max":{"X":156479.296875,"Y":-66827.09375,"Z":12970},"Min":{"X":5178.32958984375,"Y":-160336.734375,"Z":9467.6923828125}},"id":"3250100"},"9.72（右":{"BoundingBox":{"Max":{"X":28067.505859375,"Y":-155294.328125,"Z":10200.005859375},"Min":{"X":18449.599609375,"Y":-165890,"Z":9350.349609375}},"id":"3250101"},"一层中板（结构）":{"BoundingBox":{"Max":{"X":165952.484375,"Y":-38437.7578125,"Z":22400},"Min":{"X":-9885.91015625,"Y":-208859,"Z":1420}},"id":"267540"},"天花板-站厅":{"BoundingBox":{"Max":{"X":167400,"Y":-46303.1015625,"Z":14000},"Min":{"X":33399.8984375,"Y":-177303,"Z":3200}},"id":"3507022"},"天花板-站台":{"BoundingBox":{"Max":{"X":128950.0078125,"Y":-67496.1171875,"Z":4950.0615234375},"Min":{"X":14050,"Y":-161192,"Z":1900}},"id":"3588004"},"标高 8":{"BoundingBox":{"Max":{"X":165129.65625,"Y":-81460.9453125,"Z":11700},"Min":{"X":-1.9004299522951129e-010,"Y":-164853.859375,"Z":2250}},"id":"3121732"},"消防泵房":{"BoundingBox":{"Max":{"X":125900.1484375,"Y":-52903.36328125,"Z":11800.0947265625},"Min":{"X":1445.1300048828125,"Y":-188641,"Z":1900}},"id":"3036043"},"顶板":{"BoundingBox":{"Max":{"X":173412.03125,"Y":-36273.1484375,"Z":22847},"Min":{"X":-14066.7001953125,"Y":-212224,"Z":2850.320068359375}},"id":"267547"}}
