{"viewList":[{"id":"2906610","name":"{三维 - 1909875891}","viewType":"ThreeD","levelId":"","elevation":0.0,"outline":[-1429.5598096236824,-1030.6153290729972,720.06243158397069,570.64089497221971],"cropBox":[12361.1611328125,-200407.90625,-128406.109375,303770.6875,-83948.7890625,95715.53125],"viewPoint":{"origin":[35464.958701959607,-167077.55415601467,70714.670757953543],"upDirection":[0.55977488384302387,0.11368548434161442,0.82080916787554337],"rightDirection":[0.19902833393688321,-0.979993735842382,-4.1633363423443364E-17],"viewDirection":[-0.80438784284003062,-0.16336428116238891,0.57120251218937956],"scale":100},"preview":{"path":null,"width":0,"height":0},"thumbnails":[]},{"id":"4382208","name":"1号线站台板（结构）","viewType":"FloorPlan","levelId":"267533","elevation":-99.999995994972522,"outline":[-186.28881800815435,-2371.9171609941654,1786.1773841678621,1658.2201909051082],"cropBox":[-30479.998046875,-30479.998046875,-304899.96875,30479.998046875,30479.998046875,-130.48504638671875],"viewPoint":{"origin":[0.0,0.0,-99.999995994972522],"upDirection":[0.0,1.0,0.0],"rightDirection":[1.0,0.0,0.0],"viewDirection":[0.0,0.0,1.0],"scale":100},"preview":{"path":null,"width":0,"height":0},"thumbnails":[]}]}
